,noun_id,label,pred
0,chua__389,chua,chua
1,rikitake__364,rikitake,rikitake
2,lorenz__257,lorenz,lorenz
3,rossler__349,rossler,rossler
4,lorenz__374,lorenz,lorenz
5,lorenz__288,lorenz,lorenz
6,duffing__16,duffing,duffing
7,rossler__201,rossler,rossler
8,lorenz__459,lorenz,lorenz
9,chua__130,chua,chua
10,lorenz__166,lorenz,lorenz
11,lorenz__0,lorenz,lorenz
12,lorenz__89,lorenz,lorenz
13,rikitake__473,rikitake,rikitake
14,chua__383,chua,chua
15,rikitake__6,rikitake,rikitake
16,rikitake__131,rikitake,rikitake
17,rossler__215,rossler,rossler
18,chua__407,chua,chua
19,rossler__268,rossler,rossler
20,lorenz__363,lorenz,lorenz
21,lorenz__494,lorenz,lorenz
22,rikitake__107,rikitake,rikitake
23,chua__5,chua,chua
24,lorenz__121,lorenz,lorenz
25,duffing__223,duffing,duffing
26,lorenz__179,lorenz,lorenz
27,chua__59,chua,chua
28,rikitake__276,rikitake,rikitake
29,rikitake__474,rikitake,rikitake
30,chua__84,chua,chua
31,rossler__35,rossler,rossler
32,rossler__499,rossler,rossler
33,rossler__60,rossler,rossler
34,rikitake__346,rikitake,rikitake
35,rossler__63,rossler,rossler
36,rikitake__485,rikitake,rikitake
37,rikitake__115,rikitake,rikitake
38,rossler__284,rossler,rossler
39,lorenz__91,lorenz,lorenz
40,lorenz__343,lorenz,lorenz
41,rikitake__150,rikitake,rikitake
42,lorenz__98,lorenz,lorenz
43,rossler__232,rossler,rossler
44,rikitake__356,rikitake,rikitake
45,rossler__103,rossler,rossler
46,lorenz__376,lorenz,lorenz
47,lorenz__142,lorenz,lorenz
48,rikitake__284,rikitake,rikitake
49,duffing__119,duffing,duffing
50,rossler__194,rossler,rossler
51,rossler__241,rossler,rossler
52,rossler__335,rossler,rossler
53,chua__213,chua,chua
54,rossler__449,rossler,rossler
55,lorenz__488,lorenz,lorenz
56,duffing__228,duffing,duffing
57,chua__184,chua,chua
58,duffing__74,duffing,duffing
59,rossler__484,rossler,rossler
60,duffing__83,duffing,duffing
61,duffing__21,duffing,duffing
62,chua__379,chua,chua
63,rossler__433,rossler,rossler
64,lorenz__469,lorenz,lorenz
65,rikitake__49,rikitake,rikitake
66,rossler__385,rossler,rossler
67,rikitake__375,rikitake,rikitake
68,rikitake__220,rikitake,rikitake
69,rossler__352,rossler,rossler
70,rossler__446,rossler,rossler
71,rikitake__95,rikitake,rikitake
72,rikitake__451,rikitake,rikitake
73,chua__433,chua,chua
74,chua__471,chua,chua
75,rikitake__127,rikitake,rikitake
76,rikitake__101,rikitake,rikitake
77,rikitake__388,rikitake,rikitake
78,rossler__161,rossler,rossler
79,duffing__108,duffing,duffing
80,lorenz__482,lorenz,lorenz
81,rikitake__290,rikitake,rikitake
82,lorenz__350,lorenz,lorenz
83,lorenz__478,lorenz,lorenz
84,duffing__278,duffing,duffing
85,chua__79,chua,chua
86,rossler__425,rossler,rossler
87,duffing__13,duffing,duffing
88,lorenz__416,lorenz,lorenz
89,rossler__108,rossler,rossler
90,rossler__313,rossler,rossler
91,chua__142,chua,chua
92,lorenz__432,lorenz,lorenz
93,lorenz__149,lorenz,lorenz
94,rossler__376,rossler,rossler
95,rikitake__334,rikitake,rikitake
96,rossler__1,rossler,rossler
97,rikitake__239,rikitake,rikitake
98,rikitake__185,rikitake,rikitake
99,duffing__66,duffing,duffing
100,chua__463,chua,chua
101,rossler__367,rossler,rossler
102,duffing__289,duffing,duffing
103,duffing__480,duffing,duffing
104,lorenz__184,lorenz,lorenz
105,duffing__488,duffing,duffing
106,rikitake__397,rikitake,rikitake
107,duffing__477,duffing,duffing
108,lorenz__256,lorenz,lorenz
109,chua__136,chua,chua
110,rikitake__248,rikitake,rikitake
111,duffing__77,duffing,duffing
112,chua__151,chua,chua
113,chua__319,chua,chua
114,rossler__359,rossler,rossler
115,duffing__152,duffing,duffing
116,duffing__410,duffing,duffing
117,rikitake__88,rikitake,rikitake
118,rossler__95,rossler,rossler
119,rikitake__349,rikitake,rikitake
120,duffing__142,duffing,duffing
121,rikitake__123,rikitake,rikitake
122,rikitake__69,rikitake,rikitake
123,rossler__9,rossler,rossler
124,chua__315,chua,chua
125,rossler__399,rossler,rossler
126,rikitake__305,rikitake,rikitake
127,lorenz__161,lorenz,lorenz
128,rikitake__206,rikitake,rikitake
129,chua__426,chua,chua
130,duffing__104,duffing,duffing
131,rikitake__162,rikitake,rikitake
132,rossler__250,rossler,rossler
133,rikitake__194,rikitake,rikitake
134,chua__491,chua,chua
135,rikitake__29,rikitake,rikitake
136,duffing__89,duffing,duffing
137,chua__453,chua,chua
138,rossler__16,rossler,rossler
139,rikitake__28,rikitake,rikitake
140,lorenz__304,lorenz,lorenz
141,chua__54,chua,chua
142,duffing__81,duffing,duffing
143,rossler__155,rossler,rossler
144,rossler__337,rossler,rossler
145,rikitake__374,rikitake,rikitake
146,chua__447,chua,chua
147,rossler__89,rossler,rossler
148,rikitake__435,rikitake,rikitake
149,duffing__234,duffing,duffing
150,chua__2,chua,chua
151,rikitake__80,rikitake,rikitake
152,chua__466,chua,chua
153,rikitake__405,rikitake,rikitake
154,chua__87,chua,chua
155,rossler__96,rossler,rossler
156,chua__53,chua,chua
157,duffing__449,duffing,duffing
158,rikitake__498,rikitake,rikitake
159,rossler__394,rossler,rossler
160,rikitake__166,rikitake,rikitake
161,duffing__273,duffing,duffing
162,duffing__8,duffing,duffing
163,rossler__165,rossler,rossler
164,chua__153,chua,chua
165,duffing__118,duffing,duffing
166,chua__206,chua,chua
167,rossler__388,rossler,rossler
168,rikitake__256,rikitake,rikitake
169,duffing__395,duffing,duffing
170,chua__140,chua,chua
171,rikitake__213,rikitake,rikitake
172,rikitake__132,rikitake,rikitake
173,chua__21,chua,chua
174,lorenz__80,lorenz,lorenz
175,duffing__160,duffing,duffing
176,rikitake__126,rikitake,rikitake
177,chua__496,chua,chua
178,duffing__58,duffing,duffing
179,duffing__365,duffing,duffing
180,rossler__472,rossler,rossler
181,duffing__457,duffing,duffing
182,rossler__415,rossler,rossler
183,rikitake__411,rikitake,rikitake
184,lorenz__348,lorenz,lorenz
185,duffing__369,duffing,duffing
186,lorenz__336,lorenz,lorenz
187,duffing__86,duffing,duffing
188,lorenz__274,lorenz,lorenz
189,chua__339,chua,chua
190,rossler__111,rossler,rossler
191,duffing__184,duffing,duffing
192,lorenz__403,lorenz,lorenz
193,rikitake__13,rikitake,rikitake
194,duffing__237,duffing,duffing
195,chua__355,chua,chua
196,rikitake__137,rikitake,rikitake
197,rikitake__339,rikitake,rikitake
198,rossler__443,rossler,rossler
199,chua__411,chua,chua
200,chua__265,chua,chua
201,rikitake__124,rikitake,rikitake
202,duffing__414,duffing,duffing
203,duffing__220,duffing,duffing
204,rikitake__343,rikitake,rikitake
205,lorenz__420,lorenz,lorenz
206,duffing__32,duffing,duffing
207,lorenz__357,lorenz,lorenz
208,chua__169,chua,chua
209,chua__200,chua,chua
210,lorenz__370,lorenz,lorenz
211,duffing__180,duffing,duffing
212,chua__67,chua,chua
213,duffing__418,duffing,duffing
214,chua__64,chua,chua
215,chua__361,chua,chua
216,duffing__476,duffing,duffing
217,chua__135,chua,chua
218,rikitake__396,rikitake,rikitake
219,rossler__228,rossler,rossler
220,rikitake__188,rikitake,rikitake
221,rikitake__450,rikitake,rikitake
222,lorenz__319,lorenz,lorenz
223,lorenz__448,lorenz,lorenz
224,rossler__292,rossler,rossler
225,chua__493,chua,chua
226,duffing__68,duffing,duffing
227,duffing__283,duffing,duffing
228,rikitake__32,rikitake,rikitake
229,chua__290,chua,chua
230,lorenz__450,lorenz,lorenz
231,chua__205,chua,chua
232,lorenz__453,lorenz,lorenz
233,lorenz__8,lorenz,lorenz
234,rossler__358,rossler,rossler
235,rikitake__147,rikitake,rikitake
236,chua__214,chua,chua
237,lorenz__358,lorenz,lorenz
238,rossler__116,rossler,rossler
239,rikitake__353,rikitake,rikitake
240,rikitake__246,rikitake,rikitake
241,chua__103,chua,chua
242,rikitake__67,rikitake,rikitake
243,rikitake__415,rikitake,rikitake
244,lorenz__117,lorenz,lorenz
245,chua__419,chua,chua
246,lorenz__235,lorenz,lorenz
247,rossler__406,rossler,rossler
248,lorenz__258,lorenz,lorenz
249,rikitake__437,rikitake,rikitake
250,chua__15,chua,chua
251,rossler__207,rossler,rossler
252,rossler__86,rossler,rossler
253,rikitake__324,rikitake,rikitake
254,lorenz__250,lorenz,lorenz
255,lorenz__131,lorenz,lorenz
256,lorenz__342,lorenz,lorenz
257,rossler__93,rossler,rossler
258,duffing__304,duffing,duffing
259,duffing__241,duffing,duffing
260,duffing__481,duffing,duffing
261,duffing__390,duffing,duffing
262,rossler__305,rossler,rossler
263,lorenz__139,lorenz,lorenz
264,chua__309,chua,chua
265,chua__204,chua,chua
266,rikitake__1,rikitake,rikitake
267,rikitake__403,rikitake,rikitake
268,chua__131,chua,chua
269,rikitake__409,rikitake,rikitake
270,chua__490,chua,chua
271,rikitake__441,rikitake,rikitake
272,rikitake__216,rikitake,rikitake
273,chua__316,chua,chua
274,lorenz__285,lorenz,lorenz
275,lorenz__7,lorenz,lorenz
276,rossler__166,rossler,rossler
277,rikitake__496,rikitake,rikitake
278,lorenz__114,lorenz,lorenz
279,lorenz__413,lorenz,lorenz
280,rossler__373,rossler,rossler
281,rossler__97,rossler,rossler
282,rossler__196,rossler,rossler
283,rossler__272,rossler,rossler
284,duffing__492,duffing,duffing
285,lorenz__317,lorenz,lorenz
286,duffing__37,duffing,duffing
287,duffing__227,duffing,duffing
288,chua__23,chua,chua
289,rossler__418,rossler,rossler
290,lorenz__45,lorenz,lorenz
291,chua__33,chua,chua
292,rossler__138,rossler,rossler
293,lorenz__360,lorenz,lorenz
294,rikitake__78,rikitake,rikitake
295,rikitake__143,rikitake,rikitake
296,rikitake__18,rikitake,rikitake
297,lorenz__115,lorenz,lorenz
298,rossler__429,rossler,rossler
299,duffing__136,duffing,duffing
300,lorenz__67,lorenz,lorenz
301,chua__358,chua,chua
302,chua__273,chua,chua
303,lorenz__433,lorenz,lorenz
304,rossler__417,rossler,rossler
305,rossler__293,rossler,rossler
306,chua__235,chua,chua
307,duffing__403,duffing,duffing
308,duffing__61,duffing,duffing
309,chua__124,chua,chua
310,lorenz__32,lorenz,lorenz
311,lorenz__253,lorenz,lorenz
312,rikitake__180,rikitake,rikitake
313,chua__175,chua,chua
314,chua__32,chua,chua
315,rikitake__63,rikitake,rikitake
316,rikitake__322,rikitake,rikitake
317,rikitake__285,rikitake,rikitake
318,duffing__240,duffing,duffing
319,duffing__392,duffing,duffing
320,duffing__323,duffing,duffing
321,rossler__229,rossler,rossler
322,lorenz__346,lorenz,lorenz
323,lorenz__311,lorenz,lorenz
324,rossler__496,rossler,rossler
325,duffing__179,duffing,duffing
326,chua__464,chua,chua
327,rossler__266,rossler,rossler
328,rikitake__399,rikitake,rikitake
329,rikitake__306,rikitake,rikitake
330,rossler__91,rossler,rossler
331,lorenz__367,lorenz,lorenz
332,rikitake__179,rikitake,rikitake
333,rossler__400,rossler,rossler
334,rikitake__41,rikitake,rikitake
335,lorenz__220,lorenz,lorenz
336,rikitake__112,rikitake,rikitake
337,rossler__3,rossler,rossler
338,rikitake__463,rikitake,rikitake
339,rikitake__363,rikitake,rikitake
340,lorenz__487,lorenz,lorenz
341,chua__314,chua,chua
342,chua__177,chua,chua
343,rossler__66,rossler,rossler
344,duffing__416,duffing,duffing
345,chua__104,chua,chua
346,chua__173,chua,chua
347,rikitake__42,rikitake,rikitake
348,rikitake__495,rikitake,rikitake
349,rikitake__410,rikitake,rikitake
350,duffing__93,duffing,duffing
351,lorenz__36,lorenz,lorenz
352,duffing__124,duffing,duffing
353,rossler__345,rossler,rossler
354,rikitake__359,rikitake,rikitake
355,rikitake__40,rikitake,rikitake
356,rikitake__125,rikitake,rikitake
357,rikitake__307,rikitake,rikitake
358,rossler__98,rossler,rossler
359,rossler__102,rossler,rossler
360,rossler__330,rossler,rossler
361,rikitake__82,rikitake,rikitake
362,duffing__393,duffing,duffing
363,duffing__356,duffing,duffing
364,duffing__194,duffing,duffing
365,duffing__384,duffing,duffing
366,rikitake__91,rikitake,rikitake
367,duffing__327,duffing,duffing
368,lorenz__85,lorenz,lorenz
369,duffing__203,duffing,duffing
370,chua__78,chua,chua
371,duffing__105,duffing,duffing
372,rossler__90,rossler,rossler
373,rikitake__202,rikitake,rikitake
374,rossler__157,rossler,rossler
375,chua__119,chua,chua
376,lorenz__443,lorenz,lorenz
377,rikitake__472,rikitake,rikitake
378,duffing__49,duffing,duffing
379,lorenz__439,lorenz,lorenz
380,chua__201,chua,chua
381,rossler__470,rossler,rossler
382,lorenz__195,lorenz,lorenz
383,rikitake__144,rikitake,rikitake
384,lorenz__279,lorenz,lorenz
385,chua__134,chua,chua
386,duffing__192,duffing,duffing
387,chua__45,chua,chua
388,duffing__405,duffing,duffing
389,duffing__215,duffing,duffing
390,rikitake__203,rikitake,rikitake
391,lorenz__318,lorenz,lorenz
392,chua__77,chua,chua
393,chua__19,chua,chua
394,rikitake__385,rikitake,rikitake
395,duffing__175,duffing,duffing
396,chua__170,chua,chua
397,rossler__416,rossler,rossler
398,rikitake__317,rikitake,rikitake
399,rossler__270,rossler,rossler
400,rikitake__178,rikitake,rikitake
401,lorenz__56,lorenz,lorenz
402,rikitake__35,rikitake,rikitake
403,rossler__156,rossler,rossler
404,rikitake__486,rikitake,rikitake
405,duffing__415,duffing,duffing
406,rikitake__274,rikitake,rikitake
407,rossler__375,rossler,rossler
408,duffing__274,duffing,duffing
409,rikitake__2,rikitake,rikitake
410,rikitake__289,rikitake,rikitake
411,chua__160,chua,chua
412,chua__179,chua,chua
413,rikitake__48,rikitake,rikitake
414,rikitake__381,rikitake,rikitake
415,chua__369,chua,chua
416,lorenz__438,lorenz,lorenz
417,duffing__348,duffing,duffing
418,lorenz__418,lorenz,lorenz
419,rikitake__258,rikitake,rikitake
420,rossler__497,rossler,rossler
421,lorenz__201,lorenz,lorenz
422,chua__404,chua,chua
423,rossler__164,rossler,rossler
424,rossler__213,rossler,rossler
425,chua__47,chua,chua
426,duffing__465,duffing,duffing
427,duffing__257,duffing,duffing
428,rossler__203,rossler,rossler
429,duffing__111,duffing,duffing
430,duffing__190,duffing,duffing
431,chua__406,chua,chua
432,duffing__398,duffing,duffing
433,rossler__219,rossler,rossler
434,lorenz__415,lorenz,lorenz
435,rossler__276,rossler,rossler
436,rossler__329,rossler,rossler
437,lorenz__480,lorenz,lorenz
438,rikitake__233,rikitake,rikitake
439,rossler__339,rossler,rossler
440,rikitake__118,rikitake,rikitake
441,duffing__412,duffing,duffing
442,rossler__459,rossler,rossler
443,lorenz__5,lorenz,lorenz
444,duffing__165,duffing,duffing
445,lorenz__272,lorenz,lorenz
446,rossler__278,rossler,rossler
447,duffing__335,duffing,duffing
448,duffing__312,duffing,duffing
449,duffing__216,duffing,duffing
450,rikitake__384,rikitake,rikitake
451,rikitake__440,rikitake,rikitake
452,duffing__385,duffing,duffing
453,rikitake__209,rikitake,rikitake
454,duffing__437,duffing,duffing
455,duffing__11,duffing,duffing
456,lorenz__441,lorenz,lorenz
457,duffing__208,duffing,duffing
458,rikitake__238,rikitake,rikitake
459,chua__336,chua,chua
460,rossler__295,rossler,rossler
461,rossler__158,rossler,rossler
462,chua__378,chua,chua
463,rikitake__278,rikitake,rikitake
464,rossler__78,rossler,rossler
465,chua__458,chua,chua
466,duffing__10,duffing,duffing
467,rossler__377,rossler,rossler
468,rossler__14,rossler,rossler
469,chua__159,chua,chua
470,rikitake__448,rikitake,rikitake
471,duffing__362,duffing,duffing
472,lorenz__294,lorenz,lorenz
473,rikitake__439,rikitake,rikitake
474,chua__282,chua,chua
475,chua__171,chua,chua
476,chua__338,chua,chua
477,rossler__393,rossler,rossler
478,chua__44,chua,chua
479,chua__36,chua,chua
480,duffing__391,duffing,duffing
481,duffing__169,duffing,duffing
482,chua__182,chua,chua
483,chua__335,chua,chua
484,rossler__304,rossler,rossler
485,lorenz__217,lorenz,lorenz
486,lorenz__297,lorenz,lorenz
487,chua__91,chua,chua
488,rikitake__469,rikitake,rikitake
489,lorenz__365,lorenz,lorenz
490,rossler__80,rossler,rossler
491,duffing__472,duffing,duffing
492,rikitake__96,rikitake,rikitake
493,lorenz__136,lorenz,lorenz
494,rossler__53,rossler,rossler
495,rikitake__227,rikitake,rikitake
496,rikitake__266,rikitake,rikitake
497,lorenz__27,lorenz,lorenz
498,duffing__140,duffing,duffing
499,rossler__175,rossler,rossler
500,chua__232,chua,chua
501,rikitake__71,rikitake,rikitake
502,rossler__107,rossler,rossler
503,lorenz__326,lorenz,lorenz
504,lorenz__338,lorenz,lorenz
505,lorenz__330,lorenz,lorenz
506,rikitake__461,rikitake,rikitake
507,chua__183,chua,chua
508,rossler__351,rossler,rossler
509,rossler__326,rossler,rossler
510,duffing__443,duffing,duffing
511,rossler__254,rossler,rossler
512,rikitake__37,rikitake,rikitake
513,duffing__271,duffing,duffing
514,duffing__204,duffing,duffing
515,rossler__205,rossler,rossler
516,duffing__110,duffing,duffing
517,lorenz__138,lorenz,lorenz
518,rossler__11,rossler,rossler
519,chua__299,chua,chua
520,lorenz__340,lorenz,lorenz
521,duffing__292,duffing,duffing
522,duffing__376,duffing,duffing
523,rossler__479,rossler,rossler
524,duffing__466,duffing,duffing
525,chua__255,chua,chua
526,chua__225,chua,chua
527,lorenz__107,lorenz,lorenz
528,duffing__268,duffing,duffing
529,chua__93,chua,chua
530,chua__126,chua,chua
531,lorenz__25,lorenz,lorenz
532,lorenz__94,lorenz,lorenz
533,rikitake__229,rikitake,rikitake
534,rikitake__337,rikitake,rikitake
535,lorenz__206,lorenz,lorenz
536,lorenz__485,lorenz,lorenz
537,rossler__482,rossler,rossler
538,lorenz__313,lorenz,lorenz
539,duffing__286,duffing,duffing
540,rossler__475,rossler,rossler
541,rikitake__462,rikitake,rikitake
542,chua__381,chua,chua
543,chua__122,chua,chua
544,duffing__63,duffing,duffing
545,rossler__212,rossler,rossler
546,rossler__333,rossler,rossler
547,duffing__339,duffing,duffing
548,chua__390,chua,chua
549,chua__30,chua,chua
550,lorenz__124,lorenz,lorenz
551,lorenz__442,lorenz,lorenz
552,lorenz__215,lorenz,lorenz
553,duffing__344,duffing,duffing
554,rikitake__130,rikitake,rikitake
555,duffing__78,duffing,duffing
556,chua__180,chua,chua
557,rikitake__167,rikitake,rikitake
558,rossler__319,rossler,rossler
559,duffing__48,duffing,duffing
560,chua__288,chua,chua
561,lorenz__301,lorenz,lorenz
562,rossler__491,rossler,rossler
563,rikitake__490,rikitake,rikitake
564,duffing__404,duffing,duffing
565,chua__267,chua,chua
566,lorenz__203,lorenz,lorenz
567,lorenz__328,lorenz,lorenz
568,chua__51,chua,chua
569,duffing__281,duffing,duffing
570,duffing__445,duffing,duffing
571,rossler__54,rossler,rossler
572,chua__472,chua,chua
573,rossler__137,rossler,rossler
574,rossler__494,rossler,rossler
575,chua__226,chua,chua
576,rossler__119,rossler,rossler
577,duffing__150,duffing,duffing
578,rossler__253,rossler,rossler
579,duffing__402,duffing,duffing
580,lorenz__327,lorenz,lorenz
581,lorenz__164,lorenz,lorenz
582,lorenz__162,lorenz,lorenz
583,rikitake__308,rikitake,rikitake
584,chua__364,chua,chua
585,duffing__247,duffing,duffing
586,chua__48,chua,chua
587,chua__227,chua,chua
588,rossler__314,rossler,rossler
589,duffing__460,duffing,duffing
590,duffing__374,duffing,duffing
591,rikitake__52,rikitake,rikitake
592,chua__18,chua,chua
593,lorenz__202,lorenz,lorenz
594,rikitake__226,rikitake,rikitake
595,lorenz__452,lorenz,lorenz
596,rikitake__328,rikitake,rikitake
597,duffing__334,duffing,duffing
598,duffing__126,duffing,duffing
599,chua__494,chua,chua
600,chua__294,chua,chua
601,rikitake__128,rikitake,rikitake
602,duffing__35,duffing,duffing
603,rossler__94,rossler,rossler
604,chua__75,chua,chua
605,rikitake__59,rikitake,rikitake
606,chua__287,chua,chua
607,chua__424,chua,chua
608,rossler__238,rossler,rossler
609,duffing__350,duffing,duffing
610,duffing__127,duffing,duffing
611,rikitake__176,rikitake,rikitake
612,rikitake__313,rikitake,rikitake
613,rikitake__272,rikitake,rikitake
614,chua__350,chua,chua
615,rikitake__295,rikitake,rikitake
616,rossler__298,rossler,rossler
617,rossler__27,rossler,rossler
618,duffing__455,duffing,duffing
619,lorenz__243,lorenz,lorenz
620,duffing__76,duffing,duffing
621,duffing__487,duffing,duffing
622,rossler__322,rossler,rossler
623,lorenz__14,lorenz,lorenz
624,lorenz__437,lorenz,lorenz
625,rikitake__475,rikitake,rikitake
626,duffing__485,duffing,duffing
627,rossler__300,rossler,rossler
628,chua__197,chua,chua
629,chua__303,chua,chua
630,lorenz__286,lorenz,lorenz
631,chua__401,chua,chua
632,lorenz__240,lorenz,lorenz
633,lorenz__292,lorenz,lorenz
634,rossler__346,rossler,rossler
635,duffing__368,duffing,duffing
636,rikitake__219,rikitake,rikitake
637,rikitake__136,rikitake,rikitake
638,lorenz__193,lorenz,lorenz
639,lorenz__224,lorenz,lorenz
640,chua__133,chua,chua
641,rikitake__402,rikitake,rikitake
642,duffing__27,duffing,duffing
643,lorenz__345,lorenz,lorenz
644,rikitake__431,rikitake,rikitake
645,lorenz__191,lorenz,lorenz
646,duffing__364,duffing,duffing
647,duffing__296,duffing,duffing
648,rossler__106,rossler,rossler
649,rossler__342,rossler,rossler
650,duffing__7,duffing,duffing
651,rossler__18,rossler,rossler
652,rikitake__380,rikitake,rikitake
653,chua__477,chua,chua
654,chua__487,chua,chua
655,lorenz__29,lorenz,lorenz
656,lorenz__451,lorenz,lorenz
657,duffing__121,duffing,duffing
658,lorenz__66,lorenz,lorenz
659,chua__367,chua,chua
660,rossler__85,rossler,rossler
661,duffing__285,duffing,duffing
662,rikitake__199,rikitake,rikitake
663,lorenz__223,lorenz,lorenz
664,lorenz__186,lorenz,lorenz
665,rossler__154,rossler,rossler
666,rikitake__14,rikitake,rikitake
667,duffing__399,duffing,duffing
668,duffing__249,duffing,duffing
669,rossler__365,rossler,rossler
670,rikitake__135,rikitake,rikitake
671,lorenz__325,lorenz,lorenz
672,rikitake__87,rikitake,rikitake
673,rikitake__432,rikitake,rikitake
674,rossler__257,rossler,rossler
675,rossler__209,rossler,rossler
676,chua__363,chua,chua
677,rossler__476,rossler,rossler
678,rikitake__264,rikitake,rikitake
679,duffing__47,duffing,duffing
680,rikitake__117,rikitake,rikitake
681,lorenz__133,lorenz,lorenz
682,duffing__440,duffing,duffing
683,rikitake__230,rikitake,rikitake
684,lorenz__271,lorenz,lorenz
685,lorenz__1,lorenz,lorenz
686,lorenz__458,lorenz,lorenz
687,chua__98,chua,chua
688,rossler__147,rossler,rossler
689,lorenz__329,lorenz,lorenz
690,rossler__100,rossler,rossler
691,lorenz__334,lorenz,lorenz
692,chua__10,chua,chua
693,chua__81,chua,chua
694,duffing__381,duffing,duffing
695,rossler__392,rossler,rossler
696,rikitake__315,rikitake,rikitake
697,lorenz__48,lorenz,lorenz
698,rossler__173,rossler,rossler
699,duffing__486,duffing,duffing
700,duffing__386,duffing,duffing
701,duffing__484,duffing,duffing
702,chua__72,chua,chua
703,rikitake__93,rikitake,rikitake
704,rossler__144,rossler,rossler
705,rossler__99,rossler,rossler
706,chua__260,chua,chua
707,rossler__493,rossler,rossler
708,rossler__139,rossler,rossler
709,rossler__220,rossler,rossler
710,rossler__73,rossler,rossler
711,chua__223,chua,chua
712,lorenz__52,lorenz,lorenz
713,rikitake__406,rikitake,rikitake
714,chua__285,chua,chua
715,rossler__464,rossler,rossler
716,rossler__294,rossler,rossler
717,chua__293,chua,chua
718,lorenz__34,lorenz,lorenz
719,lorenz__210,lorenz,lorenz
720,lorenz__490,lorenz,lorenz
721,rossler__134,rossler,rossler
722,rikitake__365,rikitake,rikitake
723,lorenz__282,lorenz,lorenz
724,chua__266,chua,chua
725,lorenz__419,lorenz,lorenz
726,rossler__439,rossler,rossler
727,chua__410,chua,chua
728,lorenz__128,lorenz,lorenz
729,rossler__221,rossler,rossler
730,duffing__128,duffing,duffing
731,duffing__186,duffing,duffing
732,lorenz__481,lorenz,lorenz
733,rossler__115,rossler,rossler
734,rikitake__325,rikitake,rikitake
735,lorenz__497,lorenz,lorenz
736,duffing__452,duffing,duffing
737,rikitake__189,rikitake,rikitake
738,duffing__44,duffing,duffing
739,chua__321,chua,chua
740,lorenz__155,lorenz,lorenz
741,duffing__51,duffing,duffing
742,chua__333,chua,chua
743,lorenz__341,lorenz,lorenz
744,duffing__411,duffing,duffing
745,duffing__427,duffing,duffing
746,rikitake__454,rikitake,rikitake
747,chua__283,chua,chua
748,duffing__447,duffing,duffing
749,duffing__236,duffing,duffing
750,lorenz__214,lorenz,lorenz
751,rossler__32,rossler,rossler
752,lorenz__472,lorenz,lorenz
753,rikitake__39,rikitake,rikitake
754,chua__11,chua,chua
755,duffing__98,duffing,duffing
756,chua__128,chua,chua
757,chua__258,chua,chua
758,chua__101,chua,chua
759,duffing__388,duffing,duffing
760,rossler__282,rossler,rossler
761,rossler__471,rossler,rossler
762,lorenz__54,lorenz,lorenz
763,lorenz__74,lorenz,lorenz
764,rikitake__282,rikitake,rikitake
765,duffing__454,duffing,duffing
766,rossler__427,rossler,rossler
767,chua__357,chua,chua
768,chua__162,chua,chua
769,chua__375,chua,chua
770,lorenz__33,lorenz,lorenz
771,duffing__371,duffing,duffing
772,lorenz__173,lorenz,lorenz
773,chua__330,chua,chua
774,chua__399,chua,chua
775,rossler__49,rossler,rossler
776,rikitake__455,rikitake,rikitake
777,rikitake__318,rikitake,rikitake
778,duffing__162,duffing,duffing
779,rikitake__465,rikitake,rikitake
780,lorenz__165,lorenz,lorenz
781,chua__89,chua,chua
782,rikitake__466,rikitake,rikitake
783,lorenz__323,lorenz,lorenz
784,chua__228,chua,chua
785,rikitake__252,rikitake,rikitake
786,rossler__281,rossler,rossler
787,rossler__288,rossler,rossler
788,duffing__148,duffing,duffing
789,lorenz__123,lorenz,lorenz
790,rikitake__83,rikitake,rikitake
791,duffing__125,duffing,duffing
792,rikitake__449,rikitake,rikitake
793,rossler__61,rossler,rossler
794,duffing__182,duffing,duffing
795,duffing__96,duffing,duffing
796,rossler__347,rossler,rossler
797,rikitake__389,rikitake,rikitake
798,lorenz__417,lorenz,lorenz
799,rossler__198,rossler,rossler
800,rikitake__11,rikitake,rikitake
801,duffing__168,duffing,duffing
802,lorenz__425,lorenz,lorenz
803,chua__70,chua,chua
804,lorenz__455,lorenz,lorenz
805,lorenz__424,lorenz,lorenz
806,rossler__331,rossler,rossler
807,duffing__62,duffing,duffing
808,chua__416,chua,chua
809,rikitake__99,rikitake,rikitake
810,rikitake__38,rikitake,rikitake
811,rikitake__336,rikitake,rikitake
812,rikitake__457,rikitake,rikitake
813,rossler__240,rossler,rossler
814,rikitake__442,rikitake,rikitake
815,rossler__152,rossler,rossler
816,duffing__206,duffing,duffing
817,duffing__84,duffing,duffing
818,lorenz__6,lorenz,lorenz
819,rossler__445,rossler,rossler
820,chua__342,chua,chua
821,rikitake__184,rikitake,rikitake
822,chua__199,chua,chua
823,lorenz__385,lorenz,lorenz
824,duffing__298,duffing,duffing
825,rossler__235,rossler,rossler
826,lorenz__40,lorenz,lorenz
827,duffing__55,duffing,duffing
828,chua__497,chua,chua
829,chua__469,chua,chua
830,duffing__250,duffing,duffing
831,chua__423,chua,chua
832,rikitake__4,rikitake,rikitake
833,rossler__141,rossler,rossler
834,duffing__473,duffing,duffing
835,rossler__413,rossler,rossler
836,duffing__490,duffing,duffing
837,chua__387,chua,chua
838,chua__324,chua,chua
839,duffing__389,duffing,duffing
840,lorenz__400,lorenz,lorenz
841,chua__127,chua,chua
842,rikitake__407,rikitake,rikitake
843,rossler__291,rossler,rossler
844,rossler__227,rossler,rossler
845,chua__85,chua,chua
846,duffing__351,duffing,duffing
847,chua__196,chua,chua
848,rossler__483,rossler,rossler
849,chua__382,chua,chua
850,duffing__24,duffing,duffing
851,chua__31,chua,chua
852,lorenz__354,lorenz,lorenz
853,rossler__465,rossler,rossler
854,lorenz__401,lorenz,lorenz
855,duffing__87,duffing,duffing
856,chua__421,chua,chua
857,rikitake__370,rikitake,rikitake
858,lorenz__314,lorenz,lorenz
859,chua__245,chua,chua
860,lorenz__422,lorenz,lorenz
861,lorenz__18,lorenz,lorenz
862,rossler__195,rossler,rossler
863,chua__82,chua,chua
864,rossler__22,rossler,rossler
865,duffing__308,duffing,duffing
866,lorenz__163,lorenz,lorenz
867,duffing__397,duffing,duffing
868,duffing__95,duffing,duffing
869,lorenz__64,lorenz,lorenz
870,chua__443,chua,chua
871,chua__22,chua,chua
872,chua__187,chua,chua
873,rikitake__139,rikitake,rikitake
874,rikitake__221,rikitake,rikitake
875,lorenz__113,lorenz,lorenz
876,duffing__259,duffing,duffing
877,lorenz__431,lorenz,lorenz
878,duffing__65,duffing,duffing
879,duffing__446,duffing,duffing
880,lorenz__234,lorenz,lorenz
881,chua__115,chua,chua
882,lorenz__15,lorenz,lorenz
883,rossler__461,rossler,rossler
884,duffing__88,duffing,duffing
885,chua__28,chua,chua
886,rikitake__280,rikitake,rikitake
887,duffing__56,duffing,duffing
888,duffing__318,duffing,duffing
889,rossler__71,rossler,rossler
890,lorenz__464,lorenz,lorenz
891,duffing__459,duffing,duffing
892,rikitake__283,rikitake,rikitake
893,lorenz__95,lorenz,lorenz
894,rossler__40,rossler,rossler
895,rossler__204,rossler,rossler
896,duffing__54,duffing,duffing
897,rossler__74,rossler,rossler
898,rossler__101,rossler,rossler
899,chua__441,chua,chua
900,chua__238,chua,chua
901,duffing__297,duffing,duffing
902,rossler__29,rossler,rossler
903,rossler__467,rossler,rossler
904,duffing__195,duffing,duffing
905,rikitake__200,rikitake,rikitake
906,duffing__425,duffing,duffing
907,duffing__159,duffing,duffing
908,rossler__177,rossler,rossler
909,rossler__52,rossler,rossler
910,chua__275,chua,chua
911,chua__344,chua,chua
912,duffing__133,duffing,duffing
913,duffing__244,duffing,duffing
914,duffing__112,duffing,duffing
915,duffing__366,duffing,duffing
916,duffing__303,duffing,duffing
917,lorenz__406,lorenz,lorenz
918,lorenz__199,lorenz,lorenz
919,rikitake__275,rikitake,rikitake
920,duffing__262,duffing,duffing
921,rikitake__171,rikitake,rikitake
922,chua__259,chua,chua
923,rikitake__50,rikitake,lorenz
924,rossler__422,rossler,rossler
925,lorenz__119,lorenz,lorenz
926,duffing__221,duffing,duffing
927,rossler__0,rossler,rossler
928,rossler__437,rossler,rossler
929,rikitake__15,rikitake,rikitake
930,rossler__369,rossler,rossler
931,rikitake__21,rikitake,rikitake
932,chua__215,chua,chua
933,chua__298,chua,chua
934,rikitake__116,rikitake,rikitake
935,chua__143,chua,chua
936,chua__63,chua,chua
937,chua__138,chua,chua
938,rossler__460,rossler,rossler
939,chua__96,chua,chua
940,lorenz__267,lorenz,lorenz
941,duffing__342,duffing,duffing
942,lorenz__53,lorenz,lorenz
943,rossler__8,rossler,rossler
944,chua__310,chua,chua
945,lorenz__230,lorenz,lorenz
946,lorenz__50,lorenz,lorenz
947,rikitake__241,rikitake,rikitake
948,duffing__69,duffing,duffing
949,rossler__92,rossler,rossler
950,rossler__10,rossler,rossler
951,duffing__462,duffing,duffing
952,lorenz__474,lorenz,lorenz
953,rossler__67,rossler,rossler
954,lorenz__276,lorenz,lorenz
955,lorenz__88,lorenz,lorenz
956,lorenz__383,lorenz,lorenz
957,duffing__332,duffing,duffing
958,rossler__224,rossler,rossler
959,rikitake__27,rikitake,rikitake
960,rikitake__261,rikitake,rikitake
961,chua__168,chua,chua
962,rossler__423,rossler,rossler
963,lorenz__147,lorenz,lorenz
964,rikitake__426,rikitake,rikitake
965,duffing__79,duffing,duffing
966,duffing__373,duffing,duffing
967,rossler__336,rossler,rossler
968,rossler__135,rossler,rossler
969,rossler__122,rossler,rossler
970,rikitake__294,rikitake,rikitake
971,lorenz__254,lorenz,lorenz
972,rossler__148,rossler,rossler
973,rikitake__302,rikitake,rikitake
974,rossler__420,rossler,rossler
975,chua__41,chua,chua
976,chua__468,chua,chua
977,duffing__135,duffing,duffing
978,rossler__488,rossler,rossler
979,chua__402,chua,chua
980,rikitake__299,rikitake,rikitake
981,duffing__143,duffing,duffing
982,duffing__267,duffing,duffing
983,rossler__306,rossler,rossler
984,duffing__361,duffing,duffing
985,chua__465,chua,chua
986,duffing__340,duffing,duffing
987,lorenz__261,lorenz,lorenz
988,duffing__358,duffing,duffing
989,rossler__397,rossler,rossler
990,rikitake__197,rikitake,rikitake
991,rikitake__412,rikitake,rikitake
992,rikitake__77,rikitake,rikitake
993,chua__329,chua,chua
994,rikitake__268,rikitake,rikitake
995,chua__457,chua,chua
996,chua__446,chua,chua
997,rossler__362,rossler,rossler
998,lorenz__495,lorenz,lorenz
999,lorenz__371,lorenz,lorenz
1000,duffing__28,duffing,duffing
1001,rossler__290,rossler,rossler
1002,chua__276,chua,chua
1003,duffing__493,duffing,duffing
1004,rikitake__140,rikitake,rikitake
1005,chua__326,chua,chua
1006,rikitake__192,rikitake,rikitake
1007,chua__221,chua,chua
1008,rossler__153,rossler,rossler
1009,lorenz__73,lorenz,lorenz
1010,duffing__243,duffing,duffing
1011,rossler__168,rossler,rossler
1012,lorenz__362,lorenz,lorenz
1013,rikitake__354,rikitake,rikitake
1014,lorenz__79,lorenz,lorenz
1015,rossler__312,rossler,rossler
1016,lorenz__244,lorenz,lorenz
1017,rossler__380,rossler,rossler
1018,lorenz__233,lorenz,lorenz
1019,rossler__391,rossler,rossler
1020,chua__7,chua,chua
1021,rikitake__373,rikitake,rikitake
1022,lorenz__492,lorenz,lorenz
1023,rikitake__493,rikitake,rikitake
1024,chua__181,chua,chua
1025,rikitake__428,rikitake,rikitake
1026,duffing__201,duffing,duffing
1027,rikitake__242,rikitake,rikitake
1028,rikitake__153,rikitake,rikitake
1029,lorenz__337,lorenz,lorenz
1030,lorenz__295,lorenz,lorenz
1031,chua__304,chua,chua
1032,lorenz__122,lorenz,lorenz
1033,duffing__331,duffing,duffing
1034,chua__256,chua,chua
1035,chua__220,chua,chua
1036,chua__69,chua,chua
1037,chua__112,chua,chua
1038,duffing__139,duffing,duffing
1039,chua__322,chua,chua
1040,rikitake__456,rikitake,rikitake
1041,rikitake__119,rikitake,rikitake
1042,duffing__300,duffing,duffing
1043,rikitake__492,rikitake,rikitake
1044,duffing__495,duffing,duffing
1045,duffing__17,duffing,duffing
1046,rikitake__357,rikitake,rikitake
1047,chua__270,chua,chua
1048,rikitake__9,rikitake,rikitake
1049,rikitake__250,rikitake,rikitake
1050,rikitake__92,rikitake,rikitake
1051,lorenz__70,lorenz,lorenz
1052,rikitake__372,rikitake,rikitake
1053,duffing__26,duffing,duffing
1054,lorenz__182,lorenz,lorenz
1055,chua__94,chua,chua
1056,lorenz__63,lorenz,lorenz
1057,chua__145,chua,chua
1058,rikitake__16,rikitake,rikitake
1059,duffing__255,duffing,duffing
1060,lorenz__493,lorenz,lorenz
1061,rikitake__102,rikitake,rikitake
1062,rossler__68,rossler,rossler
1063,chua__121,chua,chua
1064,rikitake__309,rikitake,rikitake
1065,chua__97,chua,chua
1066,rikitake__499,rikitake,rikitake
1067,rikitake__218,rikitake,rikitake
1068,lorenz__81,lorenz,lorenz
1069,duffing__82,duffing,duffing
1070,chua__110,chua,chua
1071,chua__224,chua,chua
1072,rikitake__19,rikitake,rikitake
1073,rikitake__487,rikitake,rikitake
1074,chua__486,chua,chua
1075,lorenz__188,lorenz,lorenz
1076,duffing__448,duffing,duffing
1077,lorenz__315,lorenz,lorenz
1078,rikitake__387,rikitake,rikitake
1079,lorenz__456,lorenz,lorenz
1080,rossler__430,rossler,rossler
1081,lorenz__44,lorenz,lorenz
1082,duffing__153,duffing,duffing
1083,duffing__36,duffing,duffing
1084,chua__432,chua,chua
1085,rikitake__291,rikitake,rikitake
1086,lorenz__22,lorenz,lorenz
1087,rossler__33,rossler,rossler
1088,duffing__45,duffing,duffing
1089,lorenz__344,lorenz,lorenz
1090,chua__240,chua,chua
1091,rossler__403,rossler,rossler
1092,chua__445,chua,chua
1093,rossler__5,rossler,rossler
1094,rikitake__44,rikitake,rikitake
1095,duffing__252,duffing,duffing
1096,lorenz__411,lorenz,lorenz
1097,lorenz__312,lorenz,lorenz
1098,rossler__249,rossler,rossler
1099,duffing__498,duffing,duffing
1100,rikitake__377,rikitake,rikitake
1101,chua__229,chua,chua
1102,rikitake__159,rikitake,rikitake
1103,lorenz__2,lorenz,lorenz
1104,rikitake__109,rikitake,rikitake
1105,rikitake__360,rikitake,rikitake
1106,chua__485,chua,chua
1107,rossler__176,rossler,rossler
1108,duffing__280,duffing,duffing
1109,chua__92,chua,chua
1110,rossler__317,rossler,rossler
1111,chua__268,chua,chua
1112,rikitake__243,rikitake,rikitake
1113,duffing__377,duffing,duffing
1114,rikitake__287,rikitake,rikitake
1115,duffing__375,duffing,duffing
1116,chua__476,chua,chua
1117,duffing__324,duffing,duffing
1118,chua__108,chua,chua
1119,rossler__273,rossler,rossler
1120,lorenz__372,lorenz,lorenz
1121,lorenz__71,lorenz,lorenz
1122,rossler__17,rossler,rossler
1123,rikitake__367,rikitake,rikitake
1124,lorenz__99,lorenz,lorenz
1125,lorenz__178,lorenz,lorenz
1126,duffing__242,duffing,duffing
1127,duffing__378,duffing,duffing
1128,chua__351,chua,chua
1129,rossler__355,rossler,rossler
1130,chua__152,chua,chua
1131,rossler__2,rossler,rossler
1132,lorenz__427,lorenz,lorenz
1133,rikitake__400,rikitake,rikitake
1134,lorenz__426,lorenz,lorenz
1135,rossler__411,rossler,rossler
1136,lorenz__476,lorenz,lorenz
1137,rossler__159,rossler,rossler
1138,rossler__492,rossler,rossler
1139,rossler__186,rossler,rossler
1140,rossler__143,rossler,rossler
1141,rossler__280,rossler,rossler
1142,lorenz__479,lorenz,lorenz
1143,rossler__170,rossler,rossler
1144,rossler__234,rossler,rossler
1145,duffing__288,duffing,duffing
1146,rikitake__303,rikitake,rikitake
1147,duffing__430,duffing,duffing
1148,rikitake__260,rikitake,rikitake
1149,chua__73,chua,chua
1150,chua__480,chua,chua
1151,duffing__444,duffing,duffing
1152,lorenz__321,lorenz,lorenz
1153,lorenz__262,lorenz,lorenz
1154,chua__398,chua,chua
1155,duffing__421,duffing,duffing
1156,duffing__432,duffing,duffing
1157,chua__320,chua,chua
1158,rossler__4,rossler,rossler
1159,rikitake__347,rikitake,rikitake
1160,chua__301,chua,chua
1161,rossler__199,rossler,rossler
1162,rossler__251,rossler,rossler
1163,rossler__188,rossler,rossler
1164,chua__353,chua,chua
1165,rikitake__190,rikitake,rikitake
1166,duffing__155,duffing,duffing
1167,rossler__151,rossler,rossler
1168,chua__393,chua,chua
1169,rossler__237,rossler,rossler
1170,lorenz__140,lorenz,lorenz
1171,rossler__172,rossler,rossler
1172,lorenz__83,lorenz,lorenz
1173,duffing__101,duffing,duffing
1174,rikitake__244,rikitake,rikitake
1175,chua__210,chua,chua
1176,chua__4,chua,chua
1177,rikitake__480,rikitake,rikitake
1178,chua__384,chua,chua
1179,rossler__217,rossler,rossler
1180,duffing__363,duffing,duffing
1181,chua__328,chua,chua
1182,rossler__109,rossler,rossler
1183,rossler__77,rossler,rossler
1184,rikitake__368,rikitake,rikitake
1185,rossler__310,rossler,rossler
1186,rikitake__393,rikitake,rikitake
1187,duffing__177,duffing,duffing
1188,duffing__39,duffing,duffing
1189,rossler__20,rossler,rossler
1190,lorenz__462,lorenz,lorenz
1191,rossler__387,rossler,rossler
1192,duffing__14,duffing,duffing
1193,lorenz__246,lorenz,lorenz
1194,rikitake__145,rikitake,rikitake
1195,lorenz__222,lorenz,lorenz
1196,rossler__56,rossler,rossler
1197,duffing__359,duffing,duffing
1198,chua__306,chua,chua
1199,duffing__478,duffing,duffing
1200,chua__8,chua,chua
1201,lorenz__392,lorenz,lorenz
1202,lorenz__499,lorenz,lorenz
1203,lorenz__205,lorenz,lorenz
1204,rikitake__277,rikitake,rikitake
1205,lorenz__359,lorenz,lorenz
1206,duffing__12,duffing,duffing
1207,chua__395,chua,chua
1208,lorenz__248,lorenz,lorenz
1209,duffing__117,duffing,duffing
1210,duffing__379,duffing,duffing
1211,duffing__256,duffing,duffing
1212,rikitake__160,rikitake,rikitake
1213,rikitake__114,rikitake,rikitake
1214,rikitake__369,rikitake,rikitake
1215,rossler__26,rossler,rossler
1216,rikitake__152,rikitake,rikitake
1217,lorenz__237,lorenz,lorenz
1218,chua__253,chua,chua
1219,chua__250,chua,chua
1220,rikitake__31,rikitake,rikitake
1221,duffing__212,duffing,duffing
1222,rossler__473,rossler,rossler
1223,rikitake__249,rikitake,rikitake
1224,rikitake__211,rikitake,rikitake
1225,chua__360,chua,chua
1226,rikitake__453,rikitake,rikitake
1227,chua__278,chua,chua
1228,duffing__205,duffing,duffing
1229,rikitake__467,rikitake,rikitake
1230,rikitake__470,rikitake,lorenz
1231,rossler__131,rossler,rossler
1232,rossler__379,rossler,rossler
1233,rikitake__155,rikitake,rikitake
1234,duffing__491,duffing,duffing
1235,chua__105,chua,chua
1236,duffing__161,duffing,duffing
1237,rikitake__110,rikitake,rikitake
1238,duffing__138,duffing,duffing
1239,chua__296,chua,chua
1240,lorenz__106,lorenz,lorenz
1241,chua__49,chua,chua
1242,rossler__239,rossler,rossler
1243,duffing__353,duffing,duffing
1244,lorenz__366,lorenz,lorenz
1245,chua__231,chua,chua
1246,lorenz__39,lorenz,lorenz
1247,rossler__15,rossler,rossler
1248,duffing__382,duffing,duffing
1249,rikitake__210,rikitake,rikitake
1250,lorenz__105,lorenz,lorenz
1251,lorenz__361,lorenz,lorenz
1252,lorenz__379,lorenz,lorenz
1253,chua__312,chua,chua
1254,chua__43,chua,chua
1255,duffing__219,duffing,duffing
1256,duffing__315,duffing,duffing
1257,duffing__189,duffing,duffing
1258,rikitake__304,rikitake,rikitake
1259,duffing__345,duffing,duffing
1260,duffing__9,duffing,duffing
1261,duffing__319,duffing,duffing
1262,rikitake__329,rikitake,rikitake
1263,rossler__344,rossler,rossler
1264,duffing__0,duffing,duffing
1265,chua__166,chua,chua
1266,chua__435,chua,chua
1267,duffing__301,duffing,duffing
1268,rossler__265,rossler,rossler
1269,chua__195,chua,chua
1270,lorenz__126,lorenz,lorenz
1271,chua__403,chua,chua
1272,rikitake__425,rikitake,rikitake
1273,rossler__447,rossler,rossler
1274,chua__191,chua,chua
1275,rossler__189,rossler,rossler
1276,chua__207,chua,chua
1277,duffing__279,duffing,duffing
1278,rikitake__34,rikitake,rikitake
1279,rossler__244,rossler,rossler
1280,lorenz__446,lorenz,lorenz
1281,chua__120,chua,chua
1282,chua__454,chua,chua
1283,lorenz__298,lorenz,lorenz
1284,chua__174,chua,chua
1285,rossler__171,rossler,rossler
1286,lorenz__110,lorenz,lorenz
1287,duffing__464,duffing,duffing
1288,rikitake__81,rikitake,rikitake
1289,duffing__423,duffing,duffing
1290,lorenz__405,lorenz,lorenz
1291,lorenz__355,lorenz,lorenz
1292,lorenz__132,lorenz,lorenz
1293,duffing__343,duffing,duffing
1294,rossler__178,rossler,rossler
1295,rikitake__106,rikitake,rikitake
1296,chua__99,chua,chua
1297,duffing__354,duffing,duffing
1298,chua__300,chua,chua
1299,rossler__149,rossler,rossler
1300,chua__450,chua,chua
1301,rossler__451,rossler,rossler
1302,duffing__408,duffing,duffing
1303,rikitake__30,rikitake,rikitake
1304,lorenz__260,lorenz,lorenz
1305,lorenz__402,lorenz,lorenz
1306,chua__436,chua,chua
1307,rikitake__111,rikitake,rikitake
1308,chua__271,chua,chua
1309,chua__348,chua,chua
1310,rossler__180,rossler,rossler
1311,duffing__185,duffing,duffing
1312,rossler__142,rossler,rossler
1313,rikitake__168,rikitake,rikitake
1314,duffing__496,duffing,duffing
1315,chua__254,chua,chua
1316,lorenz__20,lorenz,lorenz
1317,lorenz__389,lorenz,lorenz
1318,rikitake__288,rikitake,rikitake
1319,duffing__417,duffing,duffing
1320,lorenz__277,lorenz,lorenz
1321,duffing__174,duffing,duffing
1322,duffing__6,duffing,duffing
1323,chua__430,chua,chua
1324,lorenz__410,lorenz,lorenz
1325,rikitake__25,rikitake,rikitake
1326,rossler__65,rossler,rossler
1327,duffing__265,duffing,duffing
1328,rossler__283,rossler,rossler
1329,chua__80,chua,chua
1330,duffing__46,duffing,duffing
1331,duffing__396,duffing,duffing
1332,rikitake__24,rikitake,rikitake
1333,rossler__440,rossler,rossler
1334,chua__111,chua,chua
1335,duffing__217,duffing,duffing
1336,lorenz__468,lorenz,lorenz
1337,duffing__407,duffing,duffing
1338,duffing__461,duffing,duffing
1339,lorenz__135,lorenz,lorenz
1340,lorenz__21,lorenz,lorenz
1341,rikitake__378,rikitake,rikitake
1342,chua__211,chua,chua
1343,duffing__264,duffing,duffing
1344,rikitake__491,rikitake,rikitake
1345,rossler__62,rossler,rossler
1346,lorenz__386,lorenz,lorenz
1347,chua__264,chua,chua
1348,chua__297,chua,chua
1349,rikitake__443,rikitake,rikitake
1350,chua__9,chua,chua
1351,rikitake__321,rikitake,rikitake
1352,chua__56,chua,chua
1353,rikitake__47,rikitake,rikitake
1354,rossler__150,rossler,rossler
1355,chua__418,chua,chua
1356,rossler__55,rossler,rossler
1357,lorenz__380,lorenz,lorenz
1358,lorenz__296,lorenz,lorenz
1359,lorenz__430,lorenz,lorenz
1360,chua__146,chua,chua
1361,chua__346,chua,chua
1362,rossler__242,rossler,rossler
1363,chua__149,chua,chua
1364,duffing__30,duffing,duffing
1365,rossler__124,rossler,rossler
1366,chua__438,chua,chua
1367,lorenz__37,lorenz,lorenz
1368,duffing__420,duffing,duffing
1369,rossler__19,rossler,rossler
1370,lorenz__157,lorenz,lorenz
1371,rossler__36,rossler,rossler
1372,rikitake__151,rikitake,rikitake
1373,chua__102,chua,chua
1374,duffing__100,duffing,duffing
1375,rossler__163,rossler,rossler
1376,rossler__128,rossler,rossler
1377,rikitake__90,rikitake,rikitake
1378,rossler__25,rossler,rossler
1379,lorenz__38,lorenz,lorenz
1380,chua__489,chua,chua
1381,chua__52,chua,chua
1382,rikitake__262,rikitake,rikitake
1383,duffing__187,duffing,duffing
1384,duffing__246,duffing,duffing
1385,lorenz__104,lorenz,lorenz
1386,lorenz__280,lorenz,lorenz
1387,rossler__263,rossler,rossler
1388,rikitake__66,rikitake,rikitake
1389,chua__261,chua,chua
1390,chua__372,chua,chua
1391,lorenz__393,lorenz,lorenz
1392,chua__219,chua,chua
1393,duffing__489,duffing,duffing
1394,rossler__185,rossler,rossler
1395,chua__461,chua,chua
1396,chua__374,chua,chua
1397,duffing__166,duffing,duffing
1398,rossler__216,rossler,rossler
1399,rikitake__301,rikitake,rikitake
1400,chua__90,chua,chua
1401,lorenz__429,lorenz,lorenz
1402,rikitake__468,rikitake,rikitake
1403,duffing__329,duffing,duffing
1404,rikitake__358,rikitake,rikitake
1405,rikitake__418,rikitake,rikitake
1406,duffing__258,duffing,duffing
1407,chua__243,chua,chua
1408,rossler__307,rossler,rossler
1409,duffing__211,duffing,duffing
1410,chua__62,chua,chua
1411,lorenz__51,lorenz,lorenz
1412,duffing__230,duffing,duffing
1413,rossler__438,rossler,rossler
1414,rikitake__494,rikitake,rikitake
1415,lorenz__231,lorenz,lorenz
1416,duffing__441,duffing,duffing
1417,lorenz__447,lorenz,lorenz
1418,chua__380,chua,chua
1419,lorenz__339,lorenz,lorenz
1420,rikitake__198,rikitake,rikitake
1421,rossler__366,rossler,rossler
1422,lorenz__102,lorenz,lorenz
1423,lorenz__470,lorenz,lorenz
1424,duffing__229,duffing,duffing
1425,rossler__34,rossler,rossler
1426,duffing__113,duffing,duffing
1427,rossler__6,rossler,rossler
1428,duffing__239,duffing,duffing
1429,chua__397,chua,chua
1430,duffing__295,duffing,duffing
1431,lorenz__306,lorenz,lorenz
1432,rossler__311,rossler,rossler
1433,chua__242,chua,chua
1434,rossler__324,rossler,rossler
1435,rossler__46,rossler,rossler
1436,chua__161,chua,chua
1437,rossler__136,rossler,rossler
1438,rossler__405,rossler,rossler
1439,chua__434,chua,chua
1440,duffing__178,duffing,duffing
1441,chua__292,chua,chua
1442,rikitake__10,rikitake,rikitake
1443,lorenz__412,lorenz,lorenz
1444,rikitake__97,rikitake,rikitake
1445,lorenz__148,lorenz,lorenz
1446,rossler__70,rossler,rossler
1447,rikitake__53,rikitake,rikitake
1448,lorenz__264,lorenz,lorenz
1449,rossler__7,rossler,rossler
1450,chua__349,chua,chua
1451,rossler__247,rossler,rossler
1452,duffing__439,duffing,duffing
1453,rikitake__352,rikitake,rikitake
1454,duffing__94,duffing,duffing
1455,duffing__409,duffing,duffing
1456,lorenz__407,lorenz,lorenz
1457,lorenz__293,lorenz,lorenz
1458,rossler__146,rossler,rossler
1459,chua__147,chua,chua
1460,chua__439,chua,chua
1461,duffing__42,duffing,duffing
1462,lorenz__58,lorenz,lorenz
1463,lorenz__68,lorenz,lorenz
1464,rossler__343,rossler,rossler
1465,rossler__279,rossler,rossler
1466,chua__251,chua,chua
1467,chua__354,chua,chua
1468,rikitake__362,rikitake,rikitake
1469,chua__428,chua,chua
1470,chua__27,chua,chua
1471,chua__376,chua,chua
1472,duffing__4,duffing,duffing
1473,chua__58,chua,chua
1474,duffing__287,duffing,duffing
1475,rossler__167,rossler,rossler
1476,rikitake__74,rikitake,rikitake
1477,lorenz__483,lorenz,lorenz
1478,rikitake__174,rikitake,rikitake
1479,chua__156,chua,chua
1480,duffing__214,duffing,duffing
1481,duffing__43,duffing,duffing
1482,rossler__370,rossler,rossler
1483,duffing__72,duffing,duffing
1484,chua__57,chua,chua
1485,rossler__286,rossler,rossler
1486,rikitake__376,rikitake,rikitake
1487,lorenz__268,lorenz,lorenz
1488,rikitake__181,rikitake,rikitake
1489,rossler__129,rossler,rossler
1490,chua__370,chua,chua
1491,lorenz__154,lorenz,lorenz
1492,rikitake__79,rikitake,rikitake
1493,chua__444,chua,chua
1494,duffing__450,duffing,duffing
1495,duffing__276,duffing,duffing
1496,rikitake__204,rikitake,rikitake
1497,duffing__238,duffing,duffing
1498,rossler__287,rossler,rossler
1499,lorenz__145,lorenz,lorenz
1500,lorenz__467,lorenz,lorenz
1501,chua__60,chua,chua
1502,lorenz__333,lorenz,lorenz
1503,chua__150,chua,chua
1504,lorenz__287,lorenz,lorenz
1505,chua__117,chua,chua
1506,chua__318,chua,chua
1507,duffing__336,duffing,duffing
1508,rossler__110,rossler,rossler
1509,duffing__400,duffing,duffing
1510,rikitake__138,rikitake,rikitake
1511,rossler__30,rossler,rossler
1512,duffing__132,duffing,duffing
1513,duffing__163,duffing,duffing
1514,duffing__226,duffing,duffing
1515,rossler__398,rossler,rossler
1516,lorenz__471,lorenz,lorenz
1517,lorenz__144,lorenz,lorenz
1518,chua__323,chua,chua
1519,duffing__106,duffing,duffing
1520,rikitake__72,rikitake,rikitake
1521,chua__189,chua,chua
1522,rossler__457,rossler,rossler
1523,rikitake__342,rikitake,rikitake
1524,chua__391,chua,chua
1525,duffing__422,duffing,duffing
1526,rikitake__70,rikitake,rikitake
1527,rikitake__191,rikitake,rikitake
1528,rossler__378,rossler,rossler
1529,duffing__15,duffing,duffing
1530,rikitake__234,rikitake,rikitake
1531,rikitake__265,rikitake,rikitake
1532,chua__157,chua,chua
1533,duffing__277,duffing,duffing
1534,rossler__79,rossler,rossler
1535,lorenz__187,lorenz,lorenz
1536,lorenz__212,lorenz,lorenz
1537,duffing__23,duffing,duffing
1538,lorenz__423,lorenz,lorenz
1539,lorenz__255,lorenz,lorenz
1540,lorenz__209,lorenz,lorenz
1541,rossler__354,rossler,rossler
1542,rossler__327,rossler,rossler
1543,chua__495,chua,chua
1544,chua__302,chua,chua
1545,lorenz__16,lorenz,lorenz
1546,chua__262,chua,chua
1547,lorenz__170,lorenz,lorenz
1548,duffing__314,duffing,duffing
1549,rikitake__57,rikitake,rikitake
1550,lorenz__169,lorenz,lorenz
1551,rikitake__172,rikitake,rikitake
1552,duffing__451,duffing,duffing
1553,rikitake__121,rikitake,rikitake
1554,chua__71,chua,chua
1555,rossler__328,rossler,rossler
1556,chua__449,chua,chua
1557,chua__216,chua,chua
1558,duffing__269,duffing,duffing
1559,duffing__149,duffing,duffing
1560,duffing__3,duffing,duffing
1561,duffing__299,duffing,duffing
1562,rikitake__292,rikitake,rikitake
1563,duffing__458,duffing,duffing
1564,rikitake__148,rikitake,rikitake
1565,lorenz__364,lorenz,lorenz
1566,chua__0,chua,chua
1567,rikitake__420,rikitake,rikitake
1568,rikitake__251,rikitake,rikitake
1569,lorenz__378,lorenz,lorenz
1570,lorenz__265,lorenz,lorenz
1571,lorenz__391,lorenz,lorenz
1572,duffing__1,duffing,duffing
1573,chua__498,chua,chua
1574,rossler__407,rossler,rossler
1575,lorenz__167,lorenz,lorenz
1576,rossler__84,rossler,rossler
1577,rossler__357,rossler,rossler
1578,lorenz__373,lorenz,lorenz
1579,lorenz__112,lorenz,lorenz
1580,rikitake__417,rikitake,rikitake
1581,rikitake__331,rikitake,rikitake
1582,rossler__412,rossler,rossler
1583,rikitake__207,rikitake,rikitake
1584,chua__218,chua,chua
1585,chua__392,chua,chua
1586,duffing__197,duffing,duffing
1587,rikitake__23,rikitake,rikitake
1588,chua__414,chua,chua
1589,chua__12,chua,chua
1590,lorenz__434,lorenz,lorenz
1591,chua__193,chua,chua
1592,duffing__41,duffing,duffing
1593,duffing__209,duffing,duffing
1594,rossler__226,rossler,rossler
1595,lorenz__208,lorenz,lorenz
1596,duffing__470,duffing,duffing
1597,chua__452,chua,chua
1598,rikitake__247,rikitake,rikitake
1599,rossler__361,rossler,rossler
1600,lorenz__31,lorenz,lorenz
1601,chua__373,chua,chua
1602,rossler__45,rossler,rossler
1603,duffing__22,duffing,duffing
1604,rossler__132,rossler,rossler
1605,rikitake__0,rikitake,rikitake
1606,rossler__350,rossler,rossler
1607,rikitake__341,rikitake,rikitake
1608,lorenz__159,lorenz,lorenz
1609,lorenz__408,lorenz,lorenz
1610,duffing__122,duffing,duffing
1611,lorenz__168,lorenz,lorenz
1612,rossler__486,rossler,rossler
1613,rossler__469,rossler,rossler
1614,lorenz__4,lorenz,lorenz
1615,lorenz__239,lorenz,lorenz
1616,rossler__47,rossler,rossler
1617,duffing__52,duffing,duffing
1618,lorenz__176,lorenz,lorenz
1619,rossler__274,rossler,rossler
1620,rossler__113,rossler,rossler
1621,chua__42,chua,chua
1622,rikitake__383,rikitake,rikitake
1623,rikitake__488,rikitake,rikitake
1624,duffing__260,duffing,duffing
1625,duffing__341,duffing,duffing
1626,chua__311,chua,chua
1627,duffing__129,duffing,duffing
1628,chua__137,chua,chua
1629,rossler__208,rossler,rossler
1630,rossler__271,rossler,rossler
1631,rossler__408,rossler,rossler
1632,rikitake__3,rikitake,rikitake
1633,chua__66,chua,chua
1634,rossler__118,rossler,rossler
1635,duffing__232,duffing,duffing
1636,rikitake__105,rikitake,rikitake
1637,rossler__230,rossler,rossler
1638,chua__482,chua,chua
1639,lorenz__156,lorenz,lorenz
1640,chua__473,chua,chua
1641,rossler__297,rossler,rossler
1642,rossler__285,rossler,rossler
1643,duffing__434,duffing,duffing
1644,rikitake__237,rikitake,rikitake
1645,lorenz__221,lorenz,lorenz
1646,rikitake__436,rikitake,rikitake
1647,chua__437,chua,chua
1648,rikitake__414,rikitake,rikitake
1649,duffing__426,duffing,duffing
1650,rossler__334,rossler,rossler
1651,lorenz__356,lorenz,lorenz
1652,chua__37,chua,chua
1653,chua__257,chua,chua
1654,lorenz__100,lorenz,lorenz
1655,chua__107,chua,chua
1656,rikitake__254,rikitake,rikitake
1657,rossler__191,rossler,rossler
1658,rikitake__382,rikitake,rikitake
1659,lorenz__190,lorenz,lorenz
1660,lorenz__30,lorenz,lorenz
1661,lorenz__143,lorenz,lorenz
1662,chua__141,chua,chua
1663,rikitake__253,rikitake,rikitake
1664,lorenz__86,lorenz,lorenz
1665,lorenz__3,lorenz,lorenz
1666,rossler__252,rossler,rossler
1667,rossler__120,rossler,rossler
1668,chua__340,chua,chua
1669,duffing__337,duffing,duffing
1670,duffing__346,duffing,duffing
1671,rikitake__395,rikitake,rikitake
1672,chua__29,chua,chua
1673,rikitake__434,rikitake,rikitake
1674,rikitake__64,rikitake,rikitake
1675,duffing__85,duffing,duffing
1676,lorenz__175,lorenz,lorenz
1677,duffing__431,duffing,duffing
1678,duffing__137,duffing,duffing
1679,rikitake__298,rikitake,rikitake
1680,chua__279,chua,chua
1681,duffing__75,duffing,duffing
1682,chua__158,chua,chua
1683,lorenz__189,lorenz,lorenz
1684,rossler__211,rossler,rossler
1685,rossler__495,rossler,rossler
1686,duffing__103,duffing,duffing
1687,rikitake__271,rikitake,rikitake
1688,lorenz__158,lorenz,lorenz
1689,chua__123,chua,chua
1690,chua__272,chua,chua
1691,rossler__485,rossler,rossler
1692,rossler__88,rossler,rossler
1693,duffing__429,duffing,duffing
1694,rikitake__444,rikitake,rikitake
1695,rikitake__257,rikitake,rikitake
1696,chua__291,chua,chua
1697,rossler__374,rossler,rossler
1698,duffing__123,duffing,duffing
1699,rossler__308,rossler,rossler
1700,rossler__58,rossler,rossler
1701,duffing__469,duffing,duffing
1702,rikitake__161,rikitake,rikitake
1703,rikitake__355,rikitake,rikitake
1704,duffing__401,duffing,duffing
1705,lorenz__320,lorenz,lorenz
1706,lorenz__397,lorenz,lorenz
1707,rikitake__46,rikitake,rikitake
1708,rikitake__122,rikitake,rikitake
1709,chua__24,chua,chua
1710,duffing__116,duffing,duffing
1711,chua__192,chua,chua
1712,rossler__64,rossler,rossler
1713,lorenz__404,lorenz,lorenz
1714,duffing__210,duffing,duffing
1715,duffing__424,duffing,duffing
1716,rossler__127,rossler,rossler
1717,duffing__156,duffing,duffing
1718,chua__65,chua,chua
1719,rikitake__300,rikitake,rikitake
1720,duffing__272,duffing,duffing
1721,lorenz__491,lorenz,lorenz
1722,chua__113,chua,chua
1723,duffing__29,duffing,duffing
1724,duffing__134,duffing,duffing
1725,lorenz__349,lorenz,lorenz
1726,duffing__355,duffing,duffing
1727,rikitake__22,rikitake,rikitake
1728,rikitake__484,rikitake,rikitake
1729,duffing__171,duffing,duffing
1730,rikitake__214,rikitake,rikitake
1731,lorenz__127,lorenz,lorenz
1732,rikitake__460,rikitake,rikitake
1733,lorenz__90,lorenz,lorenz
1734,rikitake__413,rikitake,rikitake
1735,rossler__424,rossler,rossler
1736,rossler__187,rossler,rossler
1737,rikitake__483,rikitake,rikitake
1738,rikitake__212,rikitake,rikitake
1739,lorenz__460,lorenz,lorenz
1740,chua__237,chua,chua
1741,lorenz__463,lorenz,lorenz
1742,lorenz__489,lorenz,lorenz
1743,chua__217,chua,chua
1744,rikitake__293,rikitake,rikitake
1745,chua__233,chua,chua
1746,rikitake__98,rikitake,rikitake
1747,rikitake__335,rikitake,lorenz
1748,lorenz__353,lorenz,lorenz
1749,chua__479,chua,chua
